Department,Attrition_Rate_%
Human Resources,19.047619047619047
Research & Development,13.839750260145681
Sales,20.62780269058296
